claim_id,domain,defect_or_process,claim,evidence_nature,evidence_grade,target_match,material_system,geometry_and_scale,drying_boundary,source_key,doi_or_url,source_location,support_status,competing_explanation,transfer_limit,notes
"E001","battery electrode","D1 channel crack","Main mud-crack propagation followed effective solid-layer compaction in the directly observed 300 and 800 um pin samples.","direct in-situ X-ray CT plus published interpretation","B","medium","NMC622/CB/PVDF/NMP; 45 wt% solids; binder/CB-rich model formulation","4 mm steel pin; 300/500/800 um blade gaps","ambient slow drying","BAT05","https://doi.org/10.1039/D5EB00201J","journal PDF pp.6–9; thesis PDF pp.128–135 / printed 96–103","supported for 300 and 800 um; 500 um early interval missing","Different event order under forced-convection LFP drying; compaction plateau is an operational proxy rather than a measured mechanical lock","500 um data before about 35–36 min were lost; event order and all times require direct LFP validation.","Central evidence for separating shrink-stop from crack onset without claiming a universal sequence."
"E002","battery electrode","D3 bubble venting to D1 crack","A pre-existing bubble grew then vented and permanently deformed the semi-dry layer; after compaction the same region became the preferred main-crack propagation site.","direct in-situ X-ray CT with revised journal interpretation","B","medium","NMC622/CB/PVDF/NMP model cathode","4 mm pin specimen; one key 800 um sample plus small bubble series","ambient slow drying","BAT05","https://doi.org/10.1039/D5EB00201J","journal PDF pp.6–9; thesis PDF pp.128 and 131–140 / printed 96 and 99–108","supported in source samples","New bubbles from dissolved gas solvent vapor or cavitation; local CBD defect below image resolution","Commercial slurry degassing geometry and formulation differ; small sample series gives no population effect size.","Do not label the approximately 55 min venting event as ordinary mud-crack propagation or new-bubble nucleation."
"E003","battery electrode","D4 delamination","A vertical channel crack reaching the steel substrate was followed by delamination initiating at the crack/substrate intersection.","direct in-situ X-ray CT","B","medium","NMC622/CB/PVDF/NMP model cathode on steel","4 mm pin specimen","ambient slow drying","BAT05","https://doi.org/10.1039/D5EB00201J","journal PDF pp.8–10; thesis PDF pp.134–136 / printed 102–104","supported in source system","Independent interfacial weakness or binder depletion","Rigid rough steel pins may amplify delamination relative to flexible aluminium foil; interface toughness must be remeasured.","Separate vertical-crack volume from interface-delamination volume before calculating 3D CIF."
"E004","battery electrode","solidification and pore emptying","Electrode shrinkage was closer to broadly distributed compaction than to a sharp top-down particle-consolidation front in the studied graphite/PVDF/NMP anode.","cryo-BIB-SEM interrupted sections","C","medium-low","graphite/CB/PVDF/NMP anode; 47.5 wt% solids","about 114 um wet and 61 um dry; 60 mm coating","laboratory drying near 76.5 C","BAT02","https://doi.org/10.1016/j.jpowsour.2017.01.117","local PDF pp.6–7; Figs.3–4","supported in source system","A low-permeability surface layer can form without a sharp particle front","Different particles binder solvent and flux can create stronger stratification in LFP.","Prevents equating final surface enrichment with a macroscopic hard-shell front."
"E005","battery electrode","late-stage drying","Macroscopic shrinkage can stop while capillary supply continues; late isolated-liquid retention in very thick films was inferred from drying curves rather than directly imaged in this study.","gravimetric drying curves + author mechanism interpretation","C","medium","water-based graphite anode","wedge coatings; 89–512 um dry","controlled laboratory drying","BAT04","https://doi.org/10.1002/ente.201900722","local PDF pp.3–4 and 9","supported for stage separation; clusters are interpreted","Diffusion-limited solvent removal without literal isolated clusters","Chemistry differs but event separation is transferable; the proposed cluster morphology needs direct target imaging.","Requires E2 shrink-stop and E4 liquid-disconnection to be separate model events."
"E006","battery electrode","D1 critical thickness and severity","Thickness and evaporation rate affected crack onset severity and adhesion; above a rate range severity rose even when critical thickness no longer fell strongly.","wedge-thickness experiment","C","medium","43 wt% solids water-based graphite/CMC-SBR anode","100 mm wide wedge; 89–512 um dry","controlled convective drying","BAT04","https://doi.org/10.1002/ente.201900722","local PDF pp.7–8 Figs.8–10; detection cutoff limitation p.10","conditional support","Binder migration adhesion loss and defect statistics co-vary","Cannot transfer numerical fluxes or critical thickness to LFP/PVDF/NMP; areas below 0.3 mm2 were excluded.","Motivates separate onset and severity boundaries and reporting detection limits."
"E007","battery electrode","binder migration","High drying rate can cause binder enrichment near the surface and depletion near the current collector with adhesion loss.","drying-rate switch experiment","C","medium","graphite/CB/PVDF-NMP anode","laboratory electrode","high/low rate histories","BAT01","https://doi.org/10.1016/j.jpowsour.2016.04.018","rate-switch results","supported conditionally","Sedimentation adsorption and measurement method can alter apparent gradient","Binder and solvent match the target class but active material electrode polarity microstructure and drying geometry differ; use actual evaporation flux rather than oven temperature.","Strong evidence for history dependence but not universality."
"E008","battery electrode","PVDF/CB migration","Increasing drying temperature was associated with PVDF and conductive-agent movement toward the surface and lower adhesion/higher resistance in the studied cathode.","depth-resolved Py-GC/MS and SEM-EDX","B","high-medium","PVDF/NMP cathode","laboratory electrode","temperature-varied drying","BAT07","https://doi.org/10.1016/j.jpowsour.2023.233883","depth profiles and property comparison","supported in source system","Actual flux film thickness particle porosity and adsorption may be controlling variables","Cathode chemistry and process are not the target commercial LFP line.","Must be read together with E009 counterevidence."
"E009","battery electrode","PVDF/CB migration counterexample","Across room temperature to 120 C the measured F-rich PVDF depth distribution was largely insensitive to drying temperature while fine-carbon redistribution was more evident.","FIB-SEM/EDS metrology","B","medium","NMC622/PVDF/NMP","laboratory cathode","temperature-varied drying","BAT09","https://doi.org/10.1039/D2TA00861K","metrology results","counterevidence to universal temperature rule","Measurement sensitivity flux and formulation may mask or change PVDF migration","Shows that oven temperature alone is not a universal migration coordinate.","Retained as an explicit conflict rather than averaged away."
"E010","battery electrode","heat and mass transfer","A published non-steady LFP/PVDF/NMP model generates temperature and drying trends but its internal phase and boundary equations require re-derivation and it does not predict migration voids or fracture.","model + limited surface-temperature validation + equation audit","A/T-limited","high for chemistry; low for internal state and failure","LFP/PVDF/NMP; about 60 wt% solids","100–200 um model thickness; 150 um validation","hot-air drying","BAT10","https://doi.org/10.3390/pr11113236","local PDF pp.4–6 equations and pp.11–14 validation","supported only for thermal trend structure","Unmodelled binder mechanics migration pore evolution and fracture control defects","Eq.23 gas-phase weighting and Eqs.26–27 heat-flux boundary are apparently inconsistent; k_g/mu_g prose is swapped and phase-change source lacks closure. Do not copy equations or use optimum conditions as a crack-free window.","Target chemistry match does not substitute for equation correctness or internal-state validation."
"E011","battery electrode","LFP thickness and residence time","Longer residence at 80 C reportedly improved morphology and reduced cracking especially for thicker LFP electrodes.","abstract-reported experiment","A","high chemistry; unknown process match","LFP electrode; formulation details not yet verified","100 and 200 um reported","80/120 C residence-time comparison","BAT11","https://doi.org/10.1016/j.jclepro.2026.148460","abstract only","provisional","Residual solvent or other property changes may explain morphology","Full text formulation metrics and crack statistics are unavailable in this review round.","Excluded from quantitative fitting and equation support."
"E012","battery drying equipment","local heat/mass boundary","Spatial heat-transfer-coefficient variation can create coexisting wet and dry regions on one electrode.","IR + gravimetry + calibrated dryer model","C","medium-high","lithium-ion electrode","double-sided batch dryer","controlled nozzle drying","BAT15","https://doi.org/10.1002/ente.202000889","setup characterization and drying maps","supported","Initial coating-thickness nonuniformity can produce a similar pattern","Apparatus differs but boundary-mapping principle transfers directly.","Supports mapping set points to local Ts and J."
"E013","battery drying equipment","scale-up","Dryer scale-up should match film-temperature and transfer-driving histories rather than fan and temperature set points.","cross-scale experiment + coupled model","C","medium","water-based anode","lab and 120–150 mm pilot coating","multiple drying devices","BAT16","https://doi.org/10.1002/batt.202500845","cross-device comparison","supported methodologically","Unmodelled chemistry-specific internal resistance can break similarity","Replace water-vapor exhaust descriptors with NMP partial pressure and recovery conditions.","Core basis for a two-layer device/material process window."
"E014","battery manufacturing","gas-side NMP boundary","Airflow dilution circulation and recovery make the gas-side NMP load part of the drying boundary and energy system.","factory mass/energy model","I/B","high industrial context","NMP cathode manufacturing","factory scale","convective drying and solvent recovery","BAT17","https://doi.org/10.1016/j.jpowsour.2016.04.102","process mass/energy balances","supported for process context","Local film resistance may dominate at late drying","Does not directly measure crack mechanisms or local gas concentration.","Justifies recording exhaust/recirculation and gas NMP concentration."
"E015","battery drying model","multi-zone path","Multi-zone histories can change peak solvent flux and energy even at comparable total removal; an average temperature is insufficient.","continuum heat-mass model","B/T","medium","Li-ion electrode solvent drying","modeled electrode","multi-zone convective drying","BAT12","https://doi.org/10.1016/j.jpowsour.2018.01.007","multi-zone simulations","supported theoretically","Mechanical path effects are not included","Use for thermal load histories only; fracture path dependence still needs experiment.","Supports P0/P1/P2 schedule comparison at matched endpoint."
"E016","colloidal film","component transport","Evaporation convection Brownian diffusion and sedimentation formed distinct particulate-coating regimes describable with Péclet and sedimentation scales in a monodisperse silica system.","cryo-SEM + one-dimensional theory","D2","medium","monodisperse silica/water","laboratory particulate coatings","controlled evaporation","COL01","https://doi.org/10.1002/aic.12190","local PDF pp.2–3 equations pp.8–10 validation and p.6 skin limitation","supported in source system","Aggregation yield stress and non-Brownian transport dominate commercial slurry","LFP CB and PVDF need separate effective diffusivities fixation and sedimentation terms. The source skin is a concentration-defined surface layer with no evaporation permeability or rheology feedback and is not project Skin+.","Supports species-specific rather than single slurry Pe."
"E017","colloidal film","D1 crack nucleation","Critical cracking pressure/stress is strongly influenced by flaws; a smooth elastic energy model can provide only a lower-bound style prediction.","direct pressure/stress measurement","D2","medium","colloid dispersion film","thin confined film","high-pressure consolidation analogue","COL04","https://doi.org/10.1103/PhysRevLett.100.198302","critical-stress experiments","supported","Plasticity heterogeneity and interface slip shift the threshold","Different loading protocol from evaporation; transfer defect sensitivity not numerical stress.","Motivates probabilistic defect population in CCT calibration."
"E018","colloidal film","D1 critical thickness","For an adhered channel crack the transferable energy structure is G proportional to sigma squared times H divided by plane-strain modulus; propagation requires G at least Gamma_c.","Griffith-based theory + latex comparison","D2/T","medium-high","latex film","thin supported film","drying-induced constrained shrinkage","COL05","https://doi.org/10.1021/la048298k","local PDF p.6 Eq.2; special constitutive results pp.9–11","supported as framework; absolute stress mismatch","Plastic dissipation interface slip and gradients alter the geometry factor and resistance","Only the general energy structure transfers. H^-2/3 and coefficients are source-system-specific and measured critical stress was about three times the model value.","Basis of time-dependent Hc(t) rather than a fixed material constant."
"E019","colloidal film","fracture dissipation","Drying-colloid crack-opening fields contain substantial irreversible/plastic deformation and cannot be represented by purely elastic fracture alone.","crack-field measurement + theory","D2","medium","colloidal film","laboratory thin film","drying fracture","COL07","https://doi.org/10.1103/PhysRevLett.110.024301","crack-opening and plasticity analysis","supported","Viscoelastic rather than plastic dissipation may dominate PVDF-rich networks","Requires state-dependent apparent fracture energy or explicit dissipation in LFP.","Warns against using final dry elastic modulus alone."
"E020","colloidal film","particle-size effect","Fracture toughness and critical energy release rate can vary strongly with particle size and evaporation rate in a given colloid.","direct morphology + model inversion","D2","low-medium","model colloid","directional laboratory drying","controlled evaporation","COL08","https://doi.org/10.1103/PhysRevE.95.022610","reported size/rate scaling","supported in source system","Pore throat modulus defect size and packing all co-vary","Reported exponents are not universal and must not be fitted directly to LFP D50.","Supports multichannel particle-size modeling."
"E021","colloidal film","particle-size counterpoint","Cracking stress decreased with film thickness but was insensitive to particle size over the tested latex range.","direct stress measurement","D2","low-medium","latex film","laboratory thin films","controlled drying","COL09","https://doi.org/10.1016/j.jcis.2010.08.074","reported thickness/size comparison","counterevidence to universal size rule","Size range and material toughness may hide particle effects","Reinforces that D50 alone cannot set the LFP threshold.","Interpret together with E020 rather than choose one universal sign."
"E022","ceramic tape casting","drying stress and relaxation","Plasticization changed peak drying stress by roughly an order of magnitude in the studied nonaqueous ceramic tape even with related particulate formulation.","cantilever stress + mass-loss experiment","D1","medium","alumina/PVB nonaqueous tape cast","150–400 um blade gaps","controlled drying","CER01","https://doi.org/10.1111/j.1151-2916.1996.tb08099.x","stress-history comparison","supported in source system","Differences in packing or adhesion may contribute","Transfers the importance of wet-state relaxation not the PVB values.","Supports measuring tau_r near locking."
"E023","ceramic tape casting","particle/polymer stress roles","Particles dominated early stress rise while latex properties strongly affected residual stress; smaller alumina increased peak stress in the studied system.","rheology + freeze-dried SEM + stress measurement","D1","medium","aqueous alumina/latex","tape-cast layer","controlled humidity drying","CER02","https://doi.org/10.1111/j.1151-2916.2002.tb00473.x","component and size comparisons","supported in source system","PVDF dissolves/precipitates rather than coalesces as latex","Role separation is a testable LFP hypothesis not a direct conclusion.","Motivates independent capillary-loading and relaxation/resistance submodels."
"E024","ceramic particulate coating","D1 CCT measurement","Simultaneous mass saturation stress and imaging revealed a stress peak near crack onset and two-stage curvature/stress release; a ZnO system showed a finite CCT interval.","simultaneous cantilever + imaging + drying measurement","D1","medium","ZnO particulate coating","side-walled cantilever; tens of um CCT","approximately one-dimensional top drying","CER06","https://doi.org/10.1111/jace.19644","local PDF pp.5–6 and 9–11","supported in source system","Stress relaxation without cracking can also lower curvature","Numerical stress and CCT are ZnO-specific. Cantilever inversion assumes a continuous coating; after cracking the rapid drop is an event/comparison signal not an intact-film absolute stress.","Methodological benchmark for synchronized stress imaging and drying experiments."
"E025","polymer coating","skin formation","A polymer-rich surface can cross a gel threshold and become a low-permeability poroelastic skin while the underlying solution remains liquid.","moving-boundary poroelastic theory","D2/T","low-medium","polymer solution coating","one-dimensional film","surface evaporation","POL02","https://doi.org/10.1039/D1SM01343B","main equations 8–19 and Appendix C","supported theoretically","Particle jamming or gradual permeability gradient can mimic a skin","Use only after a distinct surface permeability/modulus transition is observed in LFP.","Defines an operational skin rather than inferring it from a smooth surface."
"E026","polymer coating","D3 bubble under skin","Bubbles appeared after skin formation; skin thickness pressure and bubble trajectories were measured while mixed solvent-vapor/dissolved-air composition and diffusion control were inferred rather than compositionally measured.","direct synchronized experiment + thermodynamic/diffusion interpretation","D2","low-medium","polymer solution","laboratory film","surface drying with skin formation","POL03","https://doi.org/10.1140/epje/i2012-12057-2","local PDF pp.3–7; R proportional to sqrt(t-tau) in Eq.8","supported for sequence; gas composition remains inferred","Pre-existing trapped air or cavitation can yield similar voids","Pure polymer has no particulate pore throat; transfer as competing hypothesis only. Do not repeat the conclusion-section radius-squared wording that conflicts with Eq.8.","Strong basis for separating measured bubble trajectory from inferred chemistry and mechanical internal crack."
"E027","polymer coating","dissolved-gas bubble","A multicomponent diffusion model including cross terms predicts gas supersaturation and is consistent with degassing reducing bubbles.","multicomponent model + experimental relation","D2","low-medium","PVAc/toluene/nitrogen","polymer film","drying","POL04","https://doi.org/10.1002/app.28998","model and degassing comparison","conditional support","Entrained macrobubbles can also respond to degassing","NMP/PVDF/LFP diffusion and solubility data are unknown.","Makes degassing a diagnostic intervention not proof of one bubble pathway."
"E028","polymer coating","solvent blister","Internal solvent boiling/blistering is governed by local vapor/total pressure and composition rather than oven temperature versus pure-solvent boiling point alone.","transport model + constrained optimization","D2/T","low-medium","polymer solution coating","one-dimensional film","single-zone oven","POL05","https://doi.org/10.1080/07373939908917616","boiling constraint in optimization","supported theoretically","Dissolved gas cavitation or trapped solvent can blister below bulk boiling","PVDF/NMP activity capillarity and shell resistance must be measured.","Prevents the incorrect rule that sub-boiling oven temperature excludes vapor-related voids."
"E029","polymer coating","D5 surface corrugation","Evaporation-induced surface-tension gradients can drive Marangoni redistribution and later corrugation while the coating remains mobile.","theory + experimental context","D2","low","polymer solution","laboratory film","evaporative drying","POL07","https://doi.org/10.1016/j.ijheatmasstransfer.2015.06.015","model results","supported in source class","Skin buckling bubble inflation or collapse can produce similar roughness","Requires timing before mechanical lock and relevant NMP/slurry surface-tension gradients.","Use timing and orientation/wavelength to distinguish from post-skin wrinkling."
"E030","gel","D3 cavitation-fracture coupling","Cavitation and fracture can occur sequentially or in a coupled manner in a constrained drying hydrogel; cavity deformation can concentrate stress.","direct experiment","D3","low-medium","constrained hydrogel","laboratory gel geometry","drying under constraint","GEL06","https://doi.org/10.1039/C4SM02652G","cavitation and crack observations","supported in source system","Gas exsolution rather than negative-pressure cavitation","A mature continuous gel differs from a forming particulate electrode skeleton.","Supports retaining cavity and crack as coupled but distinct event labels."
"E031","gel","D3 cavitation threshold","Bubble nucleation and stable growth are separate conditions controlled by liquid tension pore-entry pressure cavity/throat geometry and skeleton elasticity.","thermodynamic/mechanical theory","D3/T","low-medium","porous gel","idealized cavities and throats","drying-induced negative pressure","GEL04","https://doi.org/10.1016/0022-3093(95)00222-7","cavitation model","supported theoretically","Heterogeneous gas nuclei lower thresholds dramatically","Do not use homogeneous cavitation values to rule LFP cavitation in or out.","Basis for a feasibility inequality rather than a fixed universal threshold."
"E032","poroelastic theory","hydraulic equilibration","For a mature poroelastic layer the hydraulic pressure-equilibration time has an H-squared diffusion scaling.","foundational theory and dimensional scaling","T","medium as structure","linear saturated poroelastic continuum","continuum layer","pressure diffusion","GEL08","https://doi.org/10.1063/1.1712886","governing consolidation theory","supported as asymptotic structure","Strong state dependence and unsaturation change effective diffusivity","LFP skeleton forms during drying and requires k K and storage as state functions.","Explains why thickness can amplify pressure disequilibrium faster than linearly."
"E033","geotechnical","desaturation and cracking","In the tested fine-grained soils cracks commonly appeared near the onset of desaturation under constrained shrinkage.","suction water-content shrinkage experiment","D4","low-medium","fine-grained soil/water","laboratory soil layers","natural/controlled evaporation","GEO02","https://doi.org/10.1139/T09-054","experimental event sequence","supported in source system","Different soils and constraints shift the event","Transfer only the need to compare cracking with air-entry/desaturation timing.","Not a universal LFP air-entry criterion."
"E034","geotechnical","thickness-interface coupling","Layer thickness and basal friction jointly altered desiccation-crack dimensions evolution and buried-crack initiation in clay layers.","controlled soil-layer experiments","D4","medium conceptually","clayey soil/water","laboratory layers with varied base","surface evaporation","GEO03;GEO04","https://doi.org/10.1016/j.enggeo.2019.105220; https://doi.org/10.1029/2019WR026948","GEO03 local PDF pp.12–16 and 20–24 plus GEO04 experiments","supported in source systems","Drying gradients and defect distributions also co-vary","Aluminium adhesion/slip must replace soil basal-friction parameters. GEO03 crack-area metric can include edge detachment so internal cracks edge shrinkage and delamination must be separated.","Supports joint calibration of interface constraint and coating thickness."
"E035","geotechnical","cohesive desiccation fracture","Unsaturated transport can be coupled to moisture-dependent tensile/cohesive fracture to model crack initiation and propagation.","coupled numerical model","D4/T","medium as architecture","clayey soil/water","continuum soil layer","evaporation and unsaturated flow","GEO06","https://doi.org/10.1016/j.compgeo.2016.12.010","model formulation","supported as model architecture","Phase-field discrete or strength-only models can fit some patterns","All hydraulic mechanical and cohesive laws must be reidentified for LFP/NMP.","Potential level-2 model after level-1 parameters are identifiable."
"E036","geotechnical","heterogeneity and path modeling","A phase-field model can qualitatively reproduce heterogeneity-influenced crack paths while local strain agreement with experiment remains imperfect.","DIC experiment + phase-field simulation","D4","low-medium","heterogeneous clayey soil","laboratory soil layer","desiccation","GEO07","https://doi.org/10.1016/j.engfracmech.2021.108065","experiment/model comparison","conditional support","Unresolved heterogeneity or constitutive error drives mismatch","Do not introduce phase field before the target question requires crack topology.","Supports a data-triggered upgrade criterion."
"E037","geotechnical","unsaturated-flow closure","A retention curve and saturation-dependent relative permeability are required to close unsaturated liquid transport.","theory + soil data fitting","D4/T","medium as structure","unsaturated soils","continuum porous medium","air-water drainage","GEO08","https://doi.org/10.2136/sssaj1980.03615995004400050002x","closed-form relations","supported for closure need","Network/percolation or pore-scale closures may fit electrodes better","Never transfer van Genuchten soil parameters to LFP/NMP; fit a suitable relation from electrode data.","Use as a model-family precedent only."
"E038","cross-domain synthesis","solid-content effect","The sign of solids-content influence on cracking may be non-monotonic because solvent inventory/shrinkage improve while locking timing rheology degassing and pore-throat structure can worsen.","mechanistic synthesis of independent evidence","A–D2","high relevance; indirect evidence","target LFP formulation not directly isolated","commercial coating scale intended","multi-zone forced convection intended","BAT01;COL01;CER01;CER02","https://doi.org/10.1016/j.jpowsour.2016.04.018; https://doi.org/10.1002/aic.12190; https://doi.org/10.1111/j.1151-2916.1996.tb08099.x; https://doi.org/10.1111/j.1151-2916.2002.tb00473.x","cross-source synthesis","unresolved for target","A monotonic effect may hold over the plant's narrow formulation interval","Requires two complementary experiments: fixed dry loading and fixed wet thickness.","This is an explicit project inference not a reported result from one paper."
"E039","cross-domain synthesis","thickness threshold","Thickness raises risk through at least component Pe proportional to H hydraulic equilibration time proportional to H squared and channel-crack energy release proportional to H; defect opportunity may also grow with sampled volume.","scale synthesis","B/C/D2/T","high relevance; mixed directness","multiple battery colloid and poroelastic systems","thin-to-thick supported layers","varied drying boundaries","BAT04;COL05;GEL08","https://doi.org/10.1002/ente.201900722; https://doi.org/10.1021/la048298k; https://doi.org/10.1063/1.1712886","cross-source synthesis","supported as framework","Thickness also changes actual Ts J porosity and interface stress","Scaling exponents rely on simplified regimes and state-dependent parameters.","Explains narrowing process windows without asserting a universal critical loading."
"E040","cross-domain synthesis","D2/D3 internal void","A final two-dimensional mid-layer void cannot uniquely distinguish entrained gas dissolved-gas/solvent bubble negative-pressure cavitation or a true internal cohesive crack.","cross-domain morphology/causality synthesis","B/D2/D3","high relevance; indirect target proof","battery polymer coating and gel systems","varied small-scale geometries","varied drying boundaries","BAT05;POL03;GEL04;GEL06","https://doi.org/10.1039/D5EB00201J; https://doi.org/10.1140/epje/i2012-12057-2; https://doi.org/10.1016/0022-3093(95)00222-7; https://doi.org/10.1039/C4SM02652G","cross-source synthesis","strongly supported as non-identifiability claim","Sectioning artifacts and normal pore clusters add further ambiguity","Requires time-resolved 3D connectivity crack-tip and degassing evidence in LFP.","Quality grouping is acceptable but mechanism labels must remain separate."
"E041","cross-domain synthesis","20 cm width","Coating width enters local crack risk mainly through cross-web variation in wet thickness Ts J gas NMP load and mechanical constraint rather than as an intrinsic material parameter.","equipment evidence + model inference","C/I/D2","high relevance; indirect target proof","battery drying and general convection dryers","batch to 120–150 mm pilot; general nozzle fields","forced convection","BAT15;BAT16;BAT18","https://doi.org/10.1002/ente.202000889; https://doi.org/10.1002/batt.202500845; https://doi.org/10.1080/07373937.2023.2260867","cross-source synthesis","supported methodologically","Large-area flaw statistics can create an additional width effect","Needs cross-web co-location measurements on the 20 cm LFP line.","Justifies parameterized 1D columns before full y-z modeling."
"E042","research-gap audit","target-system coverage","No source in this review simultaneously provides commercial-like LFP/PVDF/NMP a roughly 20 cm wide thick coating multi-zone forced convection and in-situ internal-void/crack evolution.","structured search gap statement","A–I","direct target gap","target combination","commercial scale","multi-zone oven","BAT05;BAT10;BAT11;BAT13;BAT16","https://doi.org/10.1039/D5EB00201J; https://doi.org/10.3390/pr11113236; https://doi.org/10.1016/j.jclepro.2026.148460; https://doi.org/10.1016/j.jpowsour.2021.230689; https://doi.org/10.1002/batt.202500845","coverage comparison","not found in scoped search","Proprietary industrial studies or papers outside search scope may exist","A search-gap statement is not proof of global nonexistence.","Therefore no literature-derived numerical process window is claimed."
"E043","battery electrode drying","post-coating flow","The coating profile and internal features can continue to move horizontally on long time scales after casting so the coating-exit state can evolve before or during shrinkage.","in-situ hard X-ray profile radiography","B/D2","medium","NMC622/AB/PVDF/NMP plus model composite slurries","lab doctor-blade coating","IR heating","BAT19","https://doi.org/10.1021/acsaem.4c00402","time-resolved radiography sequences and discussion","supported qualitatively","Platform tilt or thickness nonuniformity can mimic some apparent motion","Beam-direction integration small samples and strong NMC attenuation limit quantitative transfer to 20 cm LFP.","Use E0 as a dynamic stage rather than a frozen initial condition."
"E044","battery electrode drying","dynamic component gradients","Coating shear history changes transient carbon redistribution and late drying can produce a carbon-rich top region.","depth-sensitive in-situ resistivity + layered model + endpoint EDS","C/D2","low-medium","battery composite coating; exact target chemistry unconfirmed","100 micrometre wet lab film","very slow room-temperature drying","BAT20","https://doi.org/10.1021/acs.langmuir.5c04644","dual-depth resistance histories and final elemental maps","conditional support","Contact-network changes can alter resistance without an identical concentration change","The layered concentration profile is model-dependent and drying is far slower than a commercial NMP oven.","Treat a transient depleted middle layer as a hypothesis not direct imaging."
"E045","battery electrode drying","drying stress","A continuum model predicts slow early stress growth faster growth after solidification and a larger surface stress than collector-interface stress in NMC/PVDF/NMP coatings.","continuum model calibrated with ex-situ dry mechanics and external graphite stress data","D2/T","medium as precedent","NMC532/PVDF/CB/NMP","approximately 80 micrometre dry lab film","prescribed drying temperature","BAT21","https://doi.org/10.3390/en14061683","Figures 5–6 and model formulation","supported as prediction only","Different wet constitutive laws or capillary topology can change stress timing and location","No direct wet-state stress measurement and no LFP/internal-void validation.","Do not cite predicted stress ratios as measured facts."
"E046","battery electrode drying","R2R drying-period marker","Pilot R2R cathode film temperature shows an evaporation-cooled plateau followed by a rise near drying completion and induction shifts the reported transition earlier.","pilot R2R film-temperature measurement + process calculation","B/I","medium-high","NMC622/PVDF/NMP","pilot roll-to-roll web","convection plus induction","BAT22","https://doi.org/10.1002/ente.202402182","film-temperature and drying-rate analysis","supported for this line","Temperature rise can reflect several coupled boundary changes and does not uniquely mark internal liquid disconnection","NMC and induction-specific coefficients cannot be copied to 20 cm LFP convection drying.","Use as an E4/E6 proxy only after target calibration."
"E047","battery electrode drying","wide-web local heating risk","Inductive energy can overheat uncoated coating defects or edges even when mean coated-film drying is acceptable.","pilot equipment observation","I/D2","medium","NMC cathode web/current collector","pilot R2R with artificial uncoated areas","induction-assisted convection","BAT22","https://doi.org/10.1002/ente.202402182","uncoated-region and edge observations","supported for induction","Pure convection may have a different local-risk mechanism","Direct relevance is to induction but the result demonstrates why web-average temperature is insufficient.","Motivates y-resolved edge and defect monitoring."
"E048","battery electrode drying","mass and film-temperature kinetics","Real-time gravimetry and film temperature quantify NMP removal for 400 and 750 micrometre wet-gap NMC/PVDF/NMP coatings and show diminishing drying-rate gains at higher set temperature.","lab gravimetry + thermocouple + heat/mass-transfer analysis","B","medium","NMC811/CB/PVDF/NMP","7.62 by 12.70 cm doctor-blade films; 80 or 150 micrometre dry","forced air plus heated bed at 60 90 and 125 C","BAT23","https://doi.org/10.1002/batt.202400113","mass and temperature results and methods","supported for measured configuration","External mass transfer or NMP-vapor accumulation may cause an apparent rate plateau","Not LFP/R2R and no direct internal saturation stress or defect timing.","Useful thermal-boundary calibration data but not an E1 mechanical-lock marker or fracture threshold."
"E049","battery electrode drying","operando endpoint sensing","Pulse-echo ultrasonic features correlate with drying kinetics and can support feedback endpoint control associated with less final warpage cracking or delamination.","operando ultrasound + closed-loop experiment + endpoint imaging","C","medium; target match unconfirmed","aqueous and nonaqueous battery slurries","geometry not confirmed in inspected accessible text","feedback-controlled drying","BAT24","https://doi.org/10.1016/j.mtener.2026.102271","article highlights abstract and reported validation","supported as sensing and control demonstration","Thickness density modulus saturation and porosity can generate similar acoustic changes","Exact LFP/PVDF/NMP formulation wide-web scale and unique physical-state calibration remain unverified.","Do not equate one acoustic inflection with a uniquely identified lock or pore-connectivity event."
"E050","baking analogy","moving drying zone","A validated bread model represented baking as an inward-moving evaporation transition separating a hotter drier crust region from a wetter crumb region.","heat and mass model + experimental validation","D2/T","low direct target match; high pedagogical value","water-based bread dough","centimetre-scale cylindrical bread","convective baking","BAK02","https://doi.org/10.1016/0260-8774(94)90057-4","model and validation results","supported in bread as a reduced-order model","A finite-width distributed evaporation-condensation region can produce similar macroscopic profiles","Does not prove a sharp NMP front in a micrometre-scale foil-supported electrode.","Use to design front-vs-distributed-model tests not to assign parameters."
"E051","baking analogy","internal redistribution","Bread-core water content increased transiently during baking while crust and crumb temperatures and moisture evolved differently.","local moisture and temperature measurements","D2","low target match; direct food evidence","water-based bread","centimetre-scale bread","three convection-oven temperatures","BAK05","https://doi.org/10.1177/1082013218814144","local profiles and abstract-reported maximum","supported directly in bread","Sampling and local phase changes can complicate exact spatial interpretation","Significant inward NMP recondensation in electrodes is unproven.","Warns against assuming all internal volatile transport is monotonic and outward."
"E052","baking analogy","internal redistribution","Spatially resolved non-invasive NMR observed inward water redistribution in unyeasted dough under a thermal gradient.","spatially resolved NMR","D2","low target match; strong method directness","unyeasted water dough","food sample under controlled gradient","controlled heating","BAK06","https://doi.org/10.1016/j.jfoodeng.2024.111969","abstract and reported NMR profiles","supported in source system","Temperature-dependent relaxation and water binding can affect NMR signals","Chemistry geometry and vapor equilibrium differ from NMP electrodes.","Supports spatial measurement rather than a single average volatile metric."
"E053","baking analogy","surface constraint","Earlier imposed surface constraint changed bread expansion gas release and the depth of a dense internal region.","artificial crust constraint + porosity and gas-release observation","D2","low target match; direct mechanism intervention","bread dough with artificial surface cover","centimetre-scale food sample","baking","BAK08","https://doi.org/10.1016/j.jfoodeng.2006.10.008","constraint timing comparisons","supported in source system","The cover changes heat and mass transfer as well as mechanics","Bread is positive-pressure expansion-dominated while an electrode is typically shrinkage and suction dominated.","Supports asking how an early locked surface redirects later internal deformation."
"E054","baking analogy","post-oven evolution","Bread volume and internal moisture distribution continue changing after heating and depend on the state reached at oven exit.","cooling volume measurements + crust-on/crust-off storage comparison","D2","low target match; direct food evidence","bread and crumb","centimetre-scale food","post-bake cooling and sealed storage","BAK09;BAK10","https://doi.org/10.1016/j.jcs.2009.10.006; https://doi.org/10.1094/CCHEM.2000.77.4.484","cooling and redistribution experiments","supported in source systems","Gas cooling starch transitions and ambient water sorption contribute","Food-specific contraction percentages and time scales cannot transfer.","Supports extending electrode observation through cooling and handling."
"E055","baking analogy","delayed checking","Initial moisture gradients plus moisture-dependent viscoelastic and swelling properties generated delayed biscuit checking with full-field strain trends consistent with a diffusion-stress model.","speckle interferometry + measured properties + finite element model","D2","low target match; strong architecture","cracker/biscuit","free food sheet","cooling/storage at controlled humidity","BAK12","https://doi.org/10.1098/rspa.2005.1469","whole-field strain and model comparison","supported in source system","Environmental absorption contributes to rim expansion","Electrodes are foil-supported and do not normally absorb NMP from ambient.","Transfers concentration-gradient to eigenstrain to stress to delayed-fracture architecture."
"E056","baking analogy","moisture-gradient checking","Thicker round biscuits showed greater water heterogeneity and more checking while thinner pierced rectangular biscuits were more uniform and nearly crack-free.","Karl Fischer + NIR imaging + 15-day crack counts","D2","low target match; direct intervention-style evidence","biscuit","two shapes and thicknesses","post-bake cooling/storage","BAK13","https://doi.org/10.1016/j.foodchem.2019.125078","moisture maps and checking counts","supported in studied foods","Shape piercing and formulation interactions are not fully separable","Piercing is not an electrode process recommendation and food moisture thresholds do not transfer.","Supports thickness and spatial distribution as separate from average content."
"E057","baking analogy","average volatile counterexample","Microwave post-baking produced more uniform biscuit moisture and reduced checking from about 61 percent to about 5 percent at similar total moisture and appearance.","controlled intervention experiment","D2","low target match; high causal value","biscuit","laboratory food samples","conventional versus microwave-assisted baking","BAK14","https://doi.org/10.1016/S0260-8774(00)00186-2","checking moisture and strength comparison","supported in source recipe/device","Microwave also changes temperature and local material transitions","Percentages and microwave treatment cannot transfer to LFP.","Strong cross-domain counterexample to using average residual volatile as a sufficient quality coordinate."
"E058","baking analogy","starch early drying","Early starch-cake drying was controlled by liquid transport through interparticle pores with capillary-pressure-driven shrinkage and nonlinear elasticity.","pore and mechanical measurements + multiphase model","D2","medium structural similarity","unmodified starch-water slurry","deep laboratory cake","surface evaporation","BAK15","https://doi.org/10.1103/PhysRevE.80.036116","pore structure mechanical data and drying model","supported in source system","Sedimentation and starch water uptake alter the apparent stages","Starch grains absorb water deform and shrink unlike LFP and the system lacks PVDF carbon and foil.","Close bridge for particle skeleton Darcy flow and capillary stress."
"E059","baking analogy","starch late drying","A later vapor-transport regime associated with intragranular porosity was separated from the early liquid-flow regime in drying starch cake.","drying response + pore characterization + multiphase model","D2","medium structural similarity","starch-water slurry with inter- and intragranular pores","deep laboratory cake","surface evaporation","BAK15","https://doi.org/10.1103/PhysRevE.80.036116","two drying regimes","supported in source system","A continuous distribution of pore scales can mimic two effective regimes","Electrode aggregate-scale NMP storage must be independently demonstrated.","Dual-porosity is an optional LFP branch not a default."
"E060","baking analogy","crack-front evolution","In-situ X-ray radiography and CT observed three-dimensional columnar crack networks and evolving crack spacing behind a starch drying front.","in-situ radiography and CT","D2","low direct target match; strong visualization","corn-starch slurry","deep cake","controlled drying","BAK16","https://doi.org/10.1007/s11340-011-9581-1","crack-front imaging","supported in source geometry","Particle morphology and boundary conditions also select spacing","Columnar deep-cake geometry is outside the thin supported-electrode regime.","Transfers synchronized transport-front and crack-front measurement logic."
"E061","cross-domain synthesis","residual NMP sufficiency","Average residual NMP should be paired with through-thickness and cross-web distributions and post-oven observations because equal averages can conceal different internal histories.","project inference from battery heat/mass evidence and baking counterexamples","A–D2","high relevance; indirect target proof","target LFP plus food analogues","commercial coating intended","multi-zone oven plus cooling","BAT12;BAK12;BAK13;BAK14","https://doi.org/10.1016/j.jpowsour.2018.01.007; https://doi.org/10.1098/rspa.2005.1469; https://doi.org/10.1016/j.foodchem.2019.125078; https://doi.org/10.1016/S0260-8774(00)00186-2","cross-source synthesis","testable hypothesis for LFP","Endpoint redistribution may be weak if NMP is already negligible","Food gradients and delayed times cannot set electrode thresholds.","Measure inventory distribution and history as separate coordinates."
"E062","cross-domain synthesis","operational skin definition","An electrode skin should be defined by a sustained surface-to-bulk contrast in permeability diffusion mechanical locking or component fixation rather than by a smooth intact surface alone.","project inference from electrode counterevidence polymer skin theory and bread crust logic","B–D2/T","high relevance; indirect target proof","target LFP not directly demonstrated","thin supported coating","convective drying","BAT02;POL02;BAK07","https://doi.org/10.1016/j.jpowsour.2017.01.117; https://doi.org/10.1039/D1SM01343B; https://doi.org/10.1016/j.tifs.2009.04.001","cross-source synthesis","testable hypothesis","A continuous gradient can perform the same transport/mechanical role without a discrete skin","Bread crust has chemical transformations and polymer theory lacks particulate pores.","Skin+ is a model switch requiring direct target evidence."
"E063","baking analogy","pre-existing bubble population","Bread dough enters baking with an established bubble-size distribution that continues to evolve through growth coalescence breakup and gas loss during proving and baking.","review synthesis of primary dough studies","D2","low target match; pedagogical value","yeasted and non-yeasted bread dough literature","food dough and bread scales","mixing proving and baking","BAK18","https://doi.org/10.1002/cche.10699","review sections on entrainment bubble-size distribution proving and baking","supported in bread dough literature","Formulation mixing and fermentation histories strongly alter the bubble population","A dough foam relies on gas cells and viscoelastic gluten whereas a normal electrode should not use bubbles as a structural phase.","Transfers only the initial-condition audit: pre-existing defects may evolve after the drying boundary starts."
"E064","battery electrode","pre-visible D1 deformation","DVC detected approximately 1–2 um above-background in-plane displacement near the future first-crack region before the crack was clearly visible in the raw CT.","in-situ X-ray CT plus offline DVC","B","medium concept; low threshold transfer","NMC622/CB/PVDF/NMP model cathode","single 300 um-gap sample on 4 mm steel pin","ambient slow drying","BAT05","https://doi.org/10.1039/D5EB00201J","journal PDF pp.10–12 / printed 581–583","supported as method feasibility","A roughly 5 um directional full-field image-intensity artifact existed at the same early time","Single sample offline DVC with minute-scale scans; 1–2 um is not a production alarm threshold.","Record displacement background detection rule persistence and event-time interval before testing DIC as an early warning."
"E065","battery electrode","D1 initiation heterogeneity","Future crack and non-crack regions showed no clear difference in local active-particle count or active-particle volume at the analyzed scale.","pre-crack CT particle analysis; negative result","B","medium-low","NMC622/CB/PVDF/NMP model cathode","4 mm steel pin CT volume","ambient slow drying","BAT05","https://doi.org/10.1039/D5EB00201J","journal PDF pp.7–8 / printed 578–579","no clear association at analyzed resolution","Sub-resolution CBD defects pore throats or interface heterogeneity may control initiation","Does not prove local packing is irrelevant in LFP; it rejects a simple resolved-particle-density rule in this dataset.","Retain as negative evidence against choosing crack sites solely from active-particle density."
"E066","battery electrode","crack-adjacent compaction","Crack opening was accompanied by declining non-active-particle segmented volume near the crack and up to about 5 um displacement toward the substrate after total layer height had plateaued.","CT segmentation plus DVC","B","medium","NMC622/CB/PVDF/NMP model cathode","selected 300 um-gap region on steel pin","ambient slow drying","BAT05","https://doi.org/10.1039/D5EB00201J","journal PDF pp.10–11; thesis PDF pp.136–138 / printed 104–106","supported in source region","Continued local drying shrinkage segmentation changes and motion blur also affect the apparent volume","The segmented non-NMC fraction contains liquid air CBD and artifacts and is not true porosity.","Couple crack opening to local displacement but do not infer pore pressure directly from segmentation."
"E067","battery electrode","crack-performance confounding","Crack-rich electrodes around 60–130 um showed better high-rate capacity than matched-thickness smooth references in the study but the crack and reference formulations differed in active material carbon binder and solids content.","primary electrochemical experiment with major formulation confounding","B/confounded","medium chemistry; low causal isolation","NMC622/PVDF/NMP crack formulation 87:5:8 at 40 wt% versus reference 96:2:2 at 60 wt%","uncalendered laboratory electrodes","60 C hotplate at least 4 h","BAT27;BAT25","https://doi.org/10.1002/batt.202400260; https://discovery.ucl.ac.uk/id/eprint/10213921/","thesis PDF pp.96–98 and 112–115 / printed 64–66 and 80–83","association supported; crack-only causal claim not supported","Carbon/binder fraction CBD volume wet thickness adhesion and pore structure all changed with formulation","Not LFP and not a same-formulation controlled-crack comparison; electrodes were uncalendered.","Report 77.7 versus 9.5 percent as a 68.2 percentage-point difference rather than a relative 68 percent improvement."
"E068","battery electrode","model identifiability negative result","The thesis image-based electrochemical model overpredicted capacity gave a spatial lithiation trend conflicting with XRD and was nearly insensitive to very large solid-diffusion and CBD-porosity changes; it could not reliably isolate crack effects.","model validation and sensitivity negative evidence","B/thesis-T","medium methodological relevance","CT-derived cracked NMC622 electrode model","microscale image domain","post-drying electrochemical operation","BAT25","https://discovery.ucl.ac.uk/id/eprint/10213921/","thesis PDF pp.153–165 / printed 121–133","model not validated for claimed causal use","CBD segmentation and unresolved transport properties can make parameters non-identifiable","This is a post-drying model but the identifiability lesson transfers to drying models.","Require multiple time-resolved observables and falsification tests rather than endpoint-only fits."
"E069","battery electrode","rate- and depth-dependent crack function","Localized operando XRD found faster lithiation near a selected long crack in middle and current-collector regions while through-thickness gradients exceeded lateral near/far-crack gradients and very high rate limited the entire electrode.","localized operando MCC-XRD","B","medium for mechanism; low for population effect","NMC622/CB/PVDF/NMP 87:8:5 at 40 wt% solids","selected about 195 um dry cracked electrode; two electrodes total","80 C hotplate fabrication then electrochemical cycling","BAT26","https://doi.org/10.1039/D6EB00017G","local PDF pp.7–11 / printed 917–921","supported in selected electrodes","Gauge-volume averaging and crack-selection bias affect lateral contrasts","Post-drying functional evidence only; does not identify drying crack causes or acceptable production cracks.","Keep crack formation and crack-performance models separate."
"E070","battery electrode","heterogeneous pore emptying","Cryogenic interrupted sections directly showed large pores emptying before small and surface pores and observed isolated liquid clusters and pendular rings during late drying.","cryo-BIB-SEM interrupted sections","C","medium-low","graphite/CB/PVDF/NMP anode","about 114 um wet and 61 um dry","laboratory drying near 76.5 C","BAT02","https://doi.org/10.1016/j.jpowsour.2017.01.117","local PDF pp.7–9","supported in source system","Cryogenic preparation and two-dimensional sampling can alter or miss connectivity","Pore hierarchy and solvent differ from LFP; transfer event logic not thresholds.","Direct support for separating saturation distribution from average solvent inventory."
"E071","battery electrode","PVDF migration chronology","A PVDF concentration gradient was observed before strong pore emptying and before macroscopic shrinkage ended in the studied graphite/PVDF/NMP anode.","EDS on cryogenic interrupted sections plus process chronology","C","medium-low","graphite/CB/PVDF/NMP anode","about 114 um wet and 61 um dry","laboratory drying near 76.5 C","BAT02","https://doi.org/10.1016/j.jpowsour.2017.01.117","local PDF p.8 Fig.6","gradient observed; solvent-drag mechanism is author interpretation","Adsorption sedimentation and EDS preparation may contribute","Chronology and direction are not universal for cathodes or LFP.","Measure component fixation and pore-emptying events independently."
"E072","battery electrode","PVDF migration counterevidence and in-plane heterogeneity","In NMC532/PVDF/NMP electrodes pronounced through-thickness F/PVDF nonuniformity appeared mainly above 150 C while in-plane heterogeneity occurred at all tested drying conditions.","SEM-EDS maps plus transport/property comparison","B","medium","NMC532/CB/PVDF/NMP and graphite/PVDF/NMP","80 um blade gap; NMC loading about 13 mg cm-2","24 C long dry or 80 150 232 C short dry","BAT28","https://doi.org/10.3390/batteries8090107","local PDF pp.13–16","supported within relative EDS method","Porosity X-ray absorption fluorescence and sampling position affect F intensity","No systematic crack-onset or critical-thickness data; temperatures and thin geometry are not commercial LFP window values.","Counterevidence to universal PVDF rise and direct support for cross-web-by-depth sampling."
"E073","gel poroelasticity","drying-gradient stress","A spherical-gel poroelastic model predicted that stronger external evaporation increased liquid-content heterogeneity and maximum hoop effective stress while a slower boundary promoted internal equilibration.","macroscopic gel experiment plus finite-deformation poroelastic model","D3/T","medium structural; low material match","crosslinked water gel","free sphere","controlled external mass transfer","GEL05","https://doi.org/10.1103/PhysRevApplied.6.064010","local PDF pp.8–11; governing equations pp.2–4","model-supported in source system","Constitutive assumptions and spherical geometry control stress distribution","Internal pressure porosity and stress were model fields rather than directly measured; free gel and large deformation differ from foil-supported LFP.","Transfers the competition between external loading time and H-squared hydraulic equilibration time."
"E074","battery electrode","thick-film internal drying resistance","As water-based graphite films became thicker their late drying increasingly departed from a gas-side linear model and an effective moving-front/internal-resistance model improved the drying-time prediction.","gravimetric drying curves plus effective model comparison","C","medium-low","water-based graphite anode","reported thickness series about 83 to 299 um","controlled laboratory batch drying","BAT30","https://doi.org/10.1002/ente.202100013","reported thickness series and drying-curve/model comparison","supported for source drying kinetics","A continuous relative-permeability decline or heterogeneous clusters can mimic an effective front","The effective front was not directly observed as a planar interface; substrate and chemistry differ and cracking mechanics were not measured.","Supports adding thickness-dependent internal resistance after E2 without treating the model front as literal or as a fracture criterion."
"E075","battery electrode","stage-selective drying history","High-low-high drying histories preserved adhesion relative to uniformly harsh drying while reducing drying time in the tested graphite anodes.","rate-switch experiments plus final adhesion; later operational solvent-range inference","C","medium concept; low numerical transfer","graphite/PVDF-NMP and water-based graphite/CMC-SBR anodes","laboratory batch electrodes","stage-switched convection or NIR drying","BAT29;BAT33","https://doi.org/10.1080/07373937.2016.1248975; https://doi.org/10.1002/ente.202301272","reported switching experiments adhesion and limited cell tests","supported for adhesion in source systems","Film temperature binder mobility and evolving heat/mass transfer can all contribute to the observed window","No systematic crack-onset endpoint; switch times and inferred solvent fractions depend on chemistry thickness loading and heating method.","Use only to design a falsifiable LFP state-aligned profile after E2-E4 are measured; do not claim an established anti-crack recipe."
"E076","battery electrode","film temperature versus evaporation flux","At comparable evaporation flux the tested water-based graphite films dried with lower convective transfer and higher actual film temperature showed higher adhesion than stronger-convection cooler films.","measured flux film temperature heat-transfer condition and peel adhesion","C","medium concept; low fracture directness","water-based graphite/CMC-SBR anode","laboratory batch coating around commercial-style areal loading","convection versus NIR with different heat-transfer coefficients","BAT32","https://doi.org/10.1002/ente.202200785","reported drying-rate film-temperature and adhesion matrix","supported as an association under the tested coupled boundaries","Radiative absorption local temperature binder diffusion and boundary nonuniformity co-varied","No direct binder profile wet mechanics stress crack threshold energy efficiency or production-scale validation.","Requires Ts and J as separate project coordinates and blocks the universal rule high temperature equals high cracking."
"E077","battery electrode","architectural and formulation mitigation","Multilayer placement gel-forming additive and wet-on-wet primer strategies improved adhesion or fast-drying electrochemical outcomes in selected water-based graphite systems.","primary mechanical and electrochemical intervention experiments","C","low direct target match","water-based graphite multilayers Laponite formulations and primer-coated anodes","laboratory batch or small roll-to-roll samples","accelerated drying under architecture-specific conditions","BAT31;BAT34;BAT35","https://doi.org/10.1002/ente.202100367; https://doi.org/10.1002/ente.202400057; https://doi.org/10.1002/ente.202401668","reported adhesion transport and cell comparisons","supported within selected source configurations","Particle selection rheology binder amount porosity layer interfaces and extra water changed together","No direct LFP crack-threshold evidence; Laponite can raise tortuosity and primer creates additional solvent inventory and an interface.","Keep as second-stage mitigation only if target data identify migration or bottom-interface weakness; do not use to infer the present crack cause."
"E078","battery electrode sensing","surface pore-emptying proxy","Scattered-light and chromatic-confocal signals detected an operational onset of surface roughening or pore emptying during multistage drying.","in-line optical sensing plus comparison with drying-stage observations","C","medium method relevance; low state uniqueness","water-based graphite anode","laboratory or pilot-like moving coating measurements","multistage drying","BAT36;BAT37","https://doi.org/10.1140/epjs/s11734-024-01402-0; https://doi.org/10.1140/epjs/s11734-025-01649-1","reported optical-signal and surface-state comparisons","supported as an operational surface proxy","Thickness motion vapor airflow and surface morphology can generate similar signals","Thin fast coatings can yield late signals and some metrics saturate after onset; neither method directly observes internal connectivity earliest binder migration or crack initiation.","Candidate E3 sensor requiring target calibration and co-location; not a standalone E2 E4 or E5 alarm."
"E079","battery electrode method","selective CMC migration measurement","Selective staining followed by EDS showed stronger top-side CMC enrichment in fast-dried water-based graphite electrodes than in slow-dried controls.","ex-situ selective chemical labeling plus EDS","C","medium for water-based binder distribution; low target chemistry","water-based graphite/CMC-SBR anode","roll-to-roll coated electrodes sectioned after drying","slow versus fast drying comparison","BAT38","https://doi.org/10.1021/acsaem.5c00048","reported three-depth staining and EDS comparison","supported for NaCMC distribution in source samples","Section preparation staining kinetics and local fields can affect apparent profiles","Tracks CMC but not SBR or PVDF; destructive endpoint method does not identify migration force permeability modulus or cracking.","Strengthens the water-based migration branch but prevents treating binder enrichment alone as proof of target Skin+ or fracture."
"E080","fuel-cell catalyst coating","in-situ crack event proxy","Locally resolved film-temperature rise and optical appearance change coincided operationally with the detected onset of cracking during catalyst-layer drying and initial solvent composition changed drying and crack morphology.","simultaneous in-situ film-temperature and optical crack analysis","D2","medium method relevance; low material and thickness match","Pt/C-Nafion in water/1-propanol","thin catalyst layer on PTFE-related processing substrate","controlled scalable convective drying","FC02","https://doi.org/10.1016/j.colsurfa.2025.138807","official abstract plus source audit of in-situ results","supported as an operational temporal association","Temperature rise may mark reduced evaporation cooling while optical appearance and sub-resolution cracks evolve on different detection thresholds","Thin fuel-cell chemistry binary solvent and substrate differ; consolidation was indicated by proxies rather than direct wet-mechanical measurement.","Supports synchronized Ts plus imaging for E5 timing but temperature rise cannot be named uniquely as E2 E3 or E4."
"E081","fuel-cell catalyst coating","matched-rate driver dependence","At approximately comparable calculated mean drying rates raising heat/mass transfer at fixed film temperature produced much larger crack area than raising film temperature at lower transfer coefficients.","controlled process-route comparison with crack-area and count measurements","D2","high conceptual relevance; low material match","Pt/C-Nafion in water/1-propanol","about 7-10 um catalyst layers","independently varied isothermal film temperature and heat/mass transfer coefficient","FC03","https://doi.org/10.1002/ceat.70192","official PDF pp.4-6 Figs.3-5","supported in source system; about 8.5-8.7 fold crack-area contrast reported for paired approximate rates","Temperature-dependent Nafion relaxation selective evaporation solvent composition and interfacial behavior can all contribute","Calculated mean rates neglect selective evaporation; binary solvents thin layers and Nafion mechanics prevent numerical transfer to LFP/PVDF-NMP.","Direct cross-system counterexample to average drying rate or oven temperature as a sufficient crack coordinate; model loading and relaxation histories separately."
"E082","fuel-cell catalyst coating","material resistance shifts operational thickness threshold","At equal layer thickness increasing CNT fraction strongly reduced total defect area and extended the thickness range below the study's one-percent defect criterion.","thickness and CNT intervention with backlight defect analysis plus local SEM","D2","medium fracture-architecture relevance; low chemistry match","Pt/C-Nafion water/1-propanol with 0-5 wt% CNT","about 4-21 um direct membrane coatings","fixed drying conditions plus a separate film-temperature series","FC01","https://doi.org/10.1016/j.ijhydene.2024.01.049","official PDF pp.3 and 5-7 Figs.7 and 10-13","supported for source defect metric","CNT also changes rheology pore network ionomer-to-carbon ratio conductivity and flaw population; observed bridging is an author hypothesis","The operational CCT uses total defect area below one percent and includes cracking/spalling unlike first-detected-crack CCT; membrane substrate and thickness are not electrode-like.","Supports separating process driving force from formulation-dependent resistance and forbids treating a critical thickness as a geometry-only constant."
